{"cameraMode":{"drawMode":0,"name":"Shaded","section":"Shading Mode"},"sceneLighting":false,"audioPlay":false,"sceneViewState":{"showFog":true,"showMaterialUpdate":false,"showSkybox":false,"showFlares":true,"showImageEffects":true,"showParticleSystems":true},"in2DMode":false,"pivot":{"x":-11.569974899291993,"y":3.471778154373169,"z":1.273330569267273},"rotation":{"x":0.003536621108651161,"y":-0.9963076710700989,"z":0.06885635107755661,"w":0.05115991085767746},"size":11.829036712646485,"orthographic":false}