{"cameraMode":{"drawMode":0,"name":"Shaded","section":"Shading Mode"},"sceneLighting":true,"audioPlay":false,"sceneViewState":{"showFog":true,"showMaterialUpdate":false,"showSkybox":false,"showFlares":true,"showImageEffects":true,"showParticleSystems":true},"in2DMode":false,"pivot":{"x":4.400000095367432,"y":3.5321502685546877,"z":0.9999998807907105},"rotation":{"x":-0.1749023199081421,"y":0.00649512093514204,"z":-0.0011539594270288945,"w":-0.9845671653747559},"size":0.9030119180679321,"orthographic":false}